interaction_id,timestamp,monday_update_id,monday_item_id,interaction_type,input_text,agent_output,duration_seconds,success,error_message,metadata,repository_url,branch_name,pr_number,pr_url,assigned_to,creator_name
INT_20251120_175106_761885,2025-11-20T17:51:06.768148,pr_5085932287_214,5085932287,pr,"üîÑ R√âACTIVATION #43 - Nouvelle demande:
@vydata Reajoute une derniere fois cette fonctionnalite dans ce projet : G√©n√©rer un fichier README par package

üìã Description originale:
@vydata Est ce qu'il y a un fichier readme dans ce projet ? 

--- UPDATES ---

--- UPDATE 2025-11-20 11:55 ---
Ajoute cette fonctionnalite au projet : Import/Export de sch√©mas de base de donn√©es

--- UPDATE 2025-11-20 12:14 ---
F√ºgt dem Projekt diese neue Funktion hinzu: Unterst√ºtzung f√ºr komplexe Datentypen (JSON, Array, UUID).

--- UPDATE 2025-11-20 12:33 ---
implementiert diese neue Funktion im Projekt: Automatische Generierung von Validierungen (Bean-Validierung).

--- UPDATE 2025-11-20 14:11 ---
Legg til denne funksjonen i prosjektet: Dra og slipp for omorganisering

--- UPDATE 2025-11-20 14:37 ---
Ajoute une dernier, vraiment une toute derniere fois pour de bon maintenant : Ajoute un fichier readme au projet

--- UPDATE 2025-11-20 15:34 ---
Ajoute cette fonctionnalite dans le projet : G√©n√©ration de tests unitaires et d'int√©gration

--- UPDATE 2025-11-20 15:52 ---
Ajoute cette fonctionnalite dans le projet : G√©n√©rer des toString() pour les entit√©s

--- UPDATE 2025-11-20 16:12 ---
Ajoute cette fonctionnalite dans ce projet : Ajouter des annotations de documentation

--- UPDATE 2025-11-20 16:27 ---
Ajoute une fonctionnalite : G√©n√©rer un script SQL de sauvegarde

--- UPDATE 2025-11-20 17:21 ---
Jai abandonne cette fonctionnalite la derniere fois reajoute le c'est : G√©n√©rer un script SQL de sauvegarde

--- UPDATE 2025-11-20 17:35 ---
Ajoute cette nouvelle fonctionnalite dans ce projet : G√©n√©rer un fichier README par package

--- UPDATE 2025-11-20 17:45 ---
Reajoute une derniere fois cette fonctionnalite dans ce projet : G√©n√©rer un fichier README par package
",PR #41 cr√©√©e avec succ√®s sur la branche docs/bd5c4cf8-ee146b-1749. Titre: feat: [R√©activation 43] Reajoute une derniere fois cette fonctionnalite dans ce projet : G√©n√©rer un fichier README par packa. URL: https://github.com/reharehavycode261/TestUnidao_stage/pull/41,0.0,True,,"{'pr_title': 'feat: [R√©activation 43] Reajoute une derniere fois cette fonctionnalite dans ce projet : G√©n√©rer un fichier README par packa', 'pr_body': '## ü§ñ Pull Request g√©n√©r√©e automatiquement\n\n### üìã T√¢che\n**ID Monday.com**: 5085932287\n**Titre**: [R√©activation 43] Reajoute une derniere fois cette fonctionnalite dans ce projet : G√©n√©rer un fichier RE'}",https://github.com/reharehavycode261/TestUnidao_stage,docs/bd5c4cf8-ee146b-1749,41,https://github.com/reharehavycode261/TestUnidao_stage/pull/41,,
