input,output,type
updateMday_golden_0001,"Le système de validation humaine permet à un humain d'intervenir dans le workflow de l'agent. Lorsqu'une décision critique est nécessaire, l'agent crée une demande de validation qui est stockée en base de données avec le statut 'pending'. Une notification est envoyée via Monday.com avec des boutons d'action (Approve/Reject). Le workflow est mis en pause jusqu'à ce que l'humain valide ou rejette la demande. Un timeout de 24h par défaut est configuré pour éviter les blocages.",analysis
updateMday_golden_0002,"Le fichier main.py contient l'application FastAPI principale avec 5 endpoints : /health (healthcheck), /process (traitement des updates Monday), /status (statut des tâches), /evaluation/run (lancement d'évaluation), et /evaluation/report (rapport d'évaluation). Il initialise l'agent VyData, configure les routes API, gère les webhooks Monday.com, et orchestre le workflow asynchrone avec LangGraph. Le fichier inclut également la gestion des erreurs, le logging, et l'intégration avec GitHub.",analysis
updateMday_golden_0003,"L'agent dispose de 5 outils principaux : 1) monday_tool pour interagir avec Monday.com (lecture/écriture de colonnes, gestion des updates), 2) github_tool pour les opérations GitHub (création de branches, PRs, commits, analyse de code), 3) search_tool pour la recherche sémantique dans le code, 4) file_tool pour lire/écrire des fichiers localement, et 5) sql_tool pour interroger la base de données et l'historique des tâches.",pr
updateMday_golden_0004,"Le workflow suit ces étapes : 1) Réception d'un update Monday.com via webhook, 2) Analyse de la requête par le router d'intention (classification question/commande), 3) Pour les questions : exploration du repository GitHub + génération de réponse, 4) Pour les commandes : création de branche + implémentation + tests + PR, 5) Validation humaine optionnelle si nécessaire, 6) Mise à jour de Monday.com avec les résultats, 7) Sauvegarde en base de données (PostgreSQL), 8) Logging complet pour audit. Le tout géré par LangGraph pour la gestion d'état.",pr
updateMday_golden_0005,"Le projet est organisé en modules : /services (logique métier avec agent_service, workflow_service, human_validation_service, evaluation services), /models (schémas Pydantic pour validation), /api (routes FastAPI), /utils (logger, formatters), /tools (monday_tool, github_tool), /nodes (analyze_node, update_node, validation_node pour LangGraph), /ai (chains LangChain, LLM factory), /data (bases de données, golden datasets), /admin (interface d'administration), /scripts (scripts utilitaires), /tests (tests unitaires et d'intégration).",analysis
updateMday_golden_0006,"Pour corriger une erreur 404 : 1) Vérifier que la route est bien définie dans le router avec le bon chemin et la bonne méthode HTTP, 2) Vérifier que les paramètres de path correspondent (ex: /users/{id} avec id entier), 3) Vérifier l'ordre des routes (les routes plus spécifiques doivent être avant les génériques), 4) Vérifier que le serveur écoute sur le bon port, 5) Vérifier les middlewares qui pourraient bloquer la requête, 6) Ajouter un endpoint catch-all pour logger les routes non trouvées, 7) Tester avec curl ou Postman pour isoler le problème.",analysis
updateMday_golden_0007,"Pour implémenter un cache Redis efficace : 1) Installer redis et le client Python (redis-py), 2) Créer un service cache_service.py avec des méthodes get/set/delete/flush, 3) Définir des TTL appropriés par type de données (ex: 5min pour données user, 1h pour données statiques), 4) Implémenter un décorateur @cache pour mettre en cache les fonctions, 5) Ajouter une stratégie d'invalidation (invalidation manuelle + TTL), 6) Gérer les cache misses gracieusement, 7) Monitorer les hit rates pour optimiser, 8) Prévoir un fallback si Redis est down.",analysis
updateMday_golden_0008,"Pour créer un composant de login professionnel : Utilise un formulaire contrôlé avec useState pour gérer email et password. Ajoute la validation : email doit être valide (regex), password minimum 8 caractères avec 1 majuscule, 1 chiffre, 1 caractère spécial. Inclus la gestion des erreurs avec des messages clairs. Ajoute un bouton de soumission avec état de chargement. Style moderne avec CSS ou Tailwind. Implémente la gestion de l'authentification (appel API, stockage du token, redirection). Ajoute des tests unitaires avec Jest/React Testing Library.",analysis
updateMday_golden_0009,"async/await et callbacks résolvent le même problème (asynchrone) mais différemment : Les callbacks créent une pyramide de l'enfer (callback hell) avec du code imbriqué difficile à lire. async/await permet d'écrire du code asynchrone qui ressemble à du code synchrone, plus lisible. async/await gère mieux les erreurs avec try/catch classique vs error-first callbacks. async/await retourne des Promises, donc compatible avec .then(). Performances similaires. async/await est recommandé pour nouveau code. Les callbacks restent utiles pour les event listeners et certaines APIs legacy.",analysis
updateMday_golden_0010,"Pour tester une fonction calculatePrice(price, discount) : 1) Test nominal : prix 100, remise 10% = 90, 2) Test prix 0 : devrait retourner 0, 3) Test remise 0% : devrait retourner prix original, 4) Test remise 100% : devrait retourner 0, 5) Test prix négatif : devrait throw error, 6) Test remise > 100% : devrait throw error, 7) Test remise négative : devrait throw error, 8) Test avec décimales : prix 99.99, remise 15.5%, vérifier arrondi, 9) Test avec null/undefined : devrait throw error, 10) Mock si la fonction appelle une API externe. Utiliser Jest ou Mocha/Chai.",analysis
updateMday_golden_0011,"Le scheduler repose sur APScheduler, configuré pour exécuter des tâches planifiées comme la synchronisation avec Monday.com, le nettoyage des logs, et les relances automatiques de validations humaines expirées. Chaque job est stocké dans la base PostgreSQL avec son ID unique, son intervalle et son statut. Le scheduler redémarre automatiquement les jobs en cas de redéploiement. Un endpoint /scheduler/status permet de consulter les jobs actifs.",analysis
updateMday_golden_0012,"Le module github_tool encapsule les interactions GitHub via PyGitHub. Il fournit des méthodes pour : créer des branches, ouvrir des pull requests, commenter du code, récupérer les fichiers modifiés, et analyser les commits récents. Il inclut aussi une logique de fallback locale pour les opérations hors ligne. L’authentification se fait par token personnel GitHub stocké dans les variables d’environnement.",pr
updateMday_golden_0013,"Le router d’intention s’appuie sur un modèle de classification textuelle (LLM fine-tuné) qui analyse le contenu de la requête issue de Monday.com. Il renvoie un label : 'question', 'commande', 'analyse', ou 'erreur'. Ce label oriente ensuite le flux LangGraph vers le nœud approprié (ex: analyze_node ou implement_node). Une règle de confiance (threshold 0.75) déclenche une revalidation humaine si le score est faible.",analysis
updateMday_golden_0014,"Lorsqu’une exception survient, elle est interceptée par un middleware FastAPI. Le logger capture le message, la stacktrace et le contexte (user, tâche, module). Une notification est envoyée dans Monday.com (colonne 'Status' mise à jour en 'Erreur'). Le système stocke aussi l’erreur dans une table error_log avec les détails pour le débogage. Certaines erreurs critiques déclenchent un rollback automatique de la tâche.",analysis
updateMday_golden_0015,"L’évaluation se base sur des datasets de référence ('golden datasets') stockés dans /data/golden. À chaque commit, le module evaluation_service exécute des benchmarks : exact match, F1-score, temps de réponse, et taux d’erreur. Les résultats sont agrégés et publiés via un rapport JSON et une page web interactive. Une moyenne glissante sur 10 runs permet de suivre les tendances de performance.",pr
updateMday_golden_0016,"L’authentification utilise JWT (JSON Web Token). Lors du login, l’utilisateur envoie email et mot de passe ; après vérification en base, un token signé avec la clé secrète est retourné. Les endpoints protégés nécessitent ce token dans l’en-tête Authorization. Un middleware FastAPI vérifie la validité et le rôle de l’utilisateur. Les tokens expirent après 24h et peuvent être rafraîchis via /auth/refresh.",analysis
updateMday_golden_0017,"Le node validation_node attend la réponse de validation humaine. Il récupère l’état précédent via le context store, envoie la demande via Monday.com, et reste en attente (pause d’état). Lorsqu’une réponse (approve/reject) arrive, il réactive le flux et route vers la suite correspondante (approve → merge PR / reject → rollback). Il gère aussi les timeouts et les reprises automatiques.",pr
updateMday_golden_0018,"Le pipeline utilise GitHub Actions : 1) étape de linting et tests unitaires (pytest + coverage), 2) build de l’image Docker, 3) déploiement sur Render ou AWS ECS, 4) migrations automatiques via Alembic, 5) notification sur Slack/Monday. Les secrets (DB_URL, GITHUB_TOKEN, REDIS_URL) sont stockés dans GitHub Secrets. Les branches main et dev ont des workflows distincts.",pr
updateMday_golden_0019,"La base PostgreSQL contient les tables principales : users (authentification), tasks (tâches Monday/GitHub), validations (demandes humaines), logs (suivi d’exécution), evaluations (benchmarks), cache (résultats temporaires). Les schémas Pydantic assurent la cohérence, et SQLAlchemy ORM gère la persistance. Des index sont ajoutés sur task_id, status, et created_at pour optimiser les requêtes.",analysis
updateMday_golden_0020,"Plusieurs stratégies : 1) Uvicorn avec workers multiples (gunicorn -w 4 -k uvicorn.workers.UvicornWorker), 2) utilisation de Redis pour le cache, 3) scaling horizontal via Docker Swarm ou Kubernetes, 4) base PostgreSQL répliquée, 5) rate limiting par clé API, 6) circuit breaker pour les services externes. Le monitoring est assuré par Prometheus + Grafana.",analysis
updateMday_golden_0021,"Sur Render : créer un service web, connecter le repo GitHub, définir la commande de démarrage 'uvicorn main:app --host 0.0.0.0 --port 10000', ajouter les variables d’environnement (DATABASE_URL, API_KEY, etc.), et activer le déploiement automatique. Sur Railway, même logique avec le buildpack Python et le port exposé par $PORT. Les logs sont consultables via le tableau de bord Render/Railway.",analysis
updateMday_golden_0022,"Le module agent_service gère la logique d’orchestration entre les différents outils et nœuds LangGraph. Il initialise les contextes de tâche, déclenche les analyses, surveille les transitions d’état, et stocke les résultats. Il agit comme un contrôleur central entre Monday.com, GitHub et la base de données. C’est le cœur du système décisionnel.",analysis
updateMday_golden_0023,"Les logs sont gérés par un logger personnalisé basé sur Python logging. Chaque événement (info, warning, error, debug) est envoyé à trois destinations : console, fichier rotatif (via RotatingFileHandler), et base PostgreSQL. Un identifiant unique par requête permet de tracer chaque workflow. Des filtres sont appliqués pour masquer les données sensibles avant stockage.",analysis
updateMday_golden_0024,"Les webhooks sont sécurisés via un secret partagé. Chaque payload inclut un header de signature HMAC-SHA256, vérifié côté serveur avec la clé configurée. Si la signature est invalide, la requête est rejetée avec un code 401. Les IP autorisées sont whitelistes, et un token d’accès temporaire limite la durée de validité. Un anti-replay nonce est ajouté pour éviter les duplications.",analysis
updateMday_golden_0025,"Utiliser la classe TestClient fournie par FastAPI. Exemple : from fastapi.testclient import TestClient ; client = TestClient(app). Ensuite, écrire des tests avec pytest pour chaque endpoint, en vérifiant le status_code, la structure JSON et les erreurs. Les dépendances (DB, cache) peuvent être mockées avec fixtures. Les tests s’exécutent via 'pytest -v --disable-warnings'.",analysis
updateMday_golden_0026,"Créer un composant TaskList qui récupère les données via fetch('/api/tasks'). Utiliser useEffect pour charger les données et useState pour les stocker. Afficher un tableau responsive avec nom, statut, et responsable. Ajouter un filtre de recherche et un indicateur de chargement. Utiliser Tailwind ou Material UI pour le style, et prop-types pour la validation des props.",analysis
updateMday_golden_0027,"Un agent réactif agit directement en réponse à l’environnement (stimulus → action), sans planification à long terme. Il est rapide mais limité en raisonnement. Un agent délibératif maintient un modèle interne du monde, planifie ses actions en fonction de ses buts, et peut raisonner sur l’avenir. Dans un système hybride, l’agent combine les deux approches : réaction rapide + planification stratégique.",analysis
updateMday_golden_0028,"La configuration est centralisée dans un fichier config.py, utilisant pydantic.BaseSettings. Les variables sont chargées depuis l’environnement (.env) et validées au démarrage. Les sections incluent : database, github, monday, redis, evaluation. Un singleton Config est injecté dans les services pour éviter les duplications. Les secrets ne sont jamais commités.",pr
updateMday_golden_0029,"Il charge les jeux de test depuis /data/golden, exécute les réponses de l’agent sur chaque entrée, et compare avec les sorties attendues. Il calcule des métriques (accuracy, recall, F1) et génère un rapport global. Les résultats sont sauvegardés dans la table evaluations et exposés via un endpoint /evaluation/report. Un dashboard web affiche les tendances des performances dans le temps.",analysis
updateMday_golden_0030,"Pour créer un bouton HTML stylé, utiliser <button class='btn-primary'>Valider</button> avec des classes Tailwind comme bg-blue-500 hover:bg-blue-600 text-white font-semibold py-2 px-4 rounded-xl transition-all. Pour les interactions, ajouter un listener onClick ou un handler React. Ajouter des états disabled/hover/focus pour une UX fluide.",analysis
updateMday_golden_0031,"Placer le modèle (Pickle, Torch, ou ONNX) dans /models/ml/. Charger le modèle au démarrage via un singleton MLService. Créer un endpoint /predict acceptant JSON {features: [...]}, valider les entrées avec Pydantic, et renvoyer la prédiction. Utiliser uvicorn --reload pour test. Pour les modèles lourds, charger le modèle paresseusement ou en thread séparé.",analysis
updateMday_golden_0032,Utiliser WebSockets avec FastAPI. Créer un endpoint /ws/predict où le client envoie un flux de données JSON. Le serveur traite chaque frame via le modèle ML et renvoie la prédiction en direct via websocket.send_json(). Le modèle est préchargé en mémoire. Ajouter un buffer pour éviter la saturation et une métrique de latence moyenne.,analysis
updateMday_golden_0033,"Lier via un mapping dans la base : board_id → repository_name. Lorsqu’un élément Monday change de statut, l’agent récupère la config du mapping et exécute l’action correspondante (création de branche, push, PR). Les IDs Monday sont stockés comme métadonnées dans les commits (ex: [Monday#1234]) pour traçabilité bidirectionnelle.",pr
updateMday_golden_0034,"FastAPI repose sur asyncio et Starlette. Chaque route async exécute du code non bloquant, permettant plusieurs requêtes simultanées. Les dépendances peuvent être async. Les I/O externes (DB, API) utilisent des clients asynchrones (httpx, asyncpg). Pour des tâches longues, utiliser Celery ou LangGraph en tâche de fond.",analysis
updateMday_golden_0035,"Créer un Dockerfile : FROM python:3.11-slim ; COPY . /app ; WORKDIR /app ; RUN pip install -r requirements.txt ; CMD ['uvicorn','main:app','--host','0.0.0.0','--port','8000']. Ajouter un docker-compose.yml pour lier le service à PostgreSQL et
Comment intégrer un système d’authentification JWT dans une API FastAPI ?""",analysis
updateMday_golden_0036,"Installe SQLAlchemy et psycopg2. Crée un fichier database.py qui initialise engine, SessionLocal, et Base. Définis les modèles dans models.py, puis crée un get_db dependency. Utilise db.query(Model).filter(...).all() dans les routes. Configure DATABASE_URL dans un fichier .env. Active les migrations avec alembic pour maintenir le schéma synchronisé.",analysis
updateMday_golden_0037,"Crée un composant Dashboard.jsx qui récupère les données via un endpoint /tasks de FastAPI. Utilise axios pour les appels API et useEffect pour charger les données. Affiche-les dans un tableau avec pagination et filtres. Utilise un graphique avec Recharts pour visualiser la répartition par statut (success, failed, pending). Ajoute une barre de recherche et un bouton de rafraîchissement.",analysis
updateMday_golden_0038,"Crée une instance EC2 avec Ubuntu, installe git, python3, uvicorn, pip. Clone le repo, installe les dépendances avec pip install -r requirements.txt, configure un service systemd pour lancer l’API au démarrage. Ajoute un reverse proxy Nginx sur le port 80 pointant vers localhost:8000. Configure le firewall avec ufw pour autoriser HTTP/HTTPS. Sauvegarde une AMI de l’instance pour réutilisation.",analysis
updateMday_golden_0039,"Utilise la librairie logging ou structlog dans FastAPI. Configure un logger global avec différents niveaux (INFO, ERROR, DEBUG). Redirige les logs vers un fichier local puis vers un service comme ELK Stack ou Grafana Loki. Structure les logs en JSON pour une meilleure recherche. Ajoute un identifiant de corrélation unique (trace_id) pour chaque requête et stocke-le dans le contexte.",analysis
updateMday_golden_0040,"Charge ton modèle avec joblib ou torch.load dans un fichier ml_service.py. Expose un endpoint /predict qui prend une requête JSON, convertit les données d’entrée, exécute model.predict(), et renvoie le résultat. Ajoute un cache Redis pour éviter de recalculer les prédictions fréquentes. Gère les erreurs et formats d’entrée via Pydantic. Surveille la latence et le throughput.",analysis
updateMday_golden_0041,"Utilise l’API GitHub avec le module PyGithub. L’agent clone le repo, crée une nouvelle branche, applique les modifications locales, commit et push. Ensuite, il appelle repo.create_pull(title, body, head, base) pour générer la PR. Ajoute une description avec le résumé des changements et un label automatique (via GitHub Actions). L’agent peut aussi ajouter des reviewers par défaut.",pr
updateMday_golden_0042,"LangGraph permet de structurer un workflow comme un graphe d’états. Chaque nœud représente une étape (analyse, validation, commit, évaluation). Le moteur gère les transitions, les erreurs et la reprise de contexte. On définit le graphe dans un JSON ou Python dict. L’agent navigue entre les nœuds selon le résultat des fonctions et les retours humains. LangGraph facilite la traçabilité et la modularité.",pr
updateMday_golden_0043,"Utilise un bouton <button id='launch-job'>Lancer</button> et attache un listener JavaScript document.getElementById('launch-job').addEventListener('click', ...) qui envoie une requête POST à /jobs/start. Désactive le bouton pendant le traitement et affiche un spinner. Après la réponse, mets à jour l’état du bouton (succès/échec). Ajoute une notification Toast pour le retour utilisateur.",analysis
updateMday_golden_0044,"Ne jamais stocker de clés en dur dans le code. Utilise un fichier .env avec python-dotenv ou un gestionnaire de secrets (AWS Secrets Manager, Vault). Charge les variables avec os.getenv(). Restreins les permissions des fichiers sensibles. Ne push jamais .env sur GitHub. Configure les secrets dans GitHub Actions ou Docker en variables d’environnement.",analysis
updateMday_golden_0045,"Utilise un serveur FastAPI avec WebSocket pour streaming des données. Charge le modèle en mémoire au lancement. Chaque message entrant (JSON) est préprocessé, passé dans le modèle, et le résultat est renvoyé instantanément. Optimise la latence avec TorchScript ou ONNX Runtime. Ajoute un tampon d’entrée pour gérer les rafales de requêtes.",analysis
updateMday_golden_0046,"Collecte les métriques clés : taux de succès, latence moyenne, erreurs par tâche, volume traité. Utilise Prometheus pour exporter les métriques et Grafana pour visualiser. Ajoute un middleware dans FastAPI pour mesurer le temps de réponse. Configure des alertes (Slack ou email) si les seuils dépassent certaines valeurs. Archive les logs d’exécution pour analyse.",analysis
updateMday_golden_0047,"Dans .github/workflows/ci.yml, définis un job avec on: [push, pull_request]. Étapes : 1) checkout, 2) setup Python, 3) install requirements, 4) run tests avec pytest, 5) build Docker image, 6) déploiement sur serveur (via SSH ou Docker Hub). Configure les secrets (SSH_KEY, SERVER_IP). Ajoute un badge de statut dans le README.",analysis
updateMday_golden_0048,"FastAPI génère une doc Swagger automatiquement à /docs et ReDoc à /redoc. Pour enrichir la doc, ajoute des docstrings aux endpoints, définis des descriptions et des exemples dans les schémas Pydantic. Ajoute des tags et des summaries. Pour exporter la doc, utilise fastapi.openapi.utils.get_openapi() et sauvegarde le schéma JSON.",analysis
updateMday_golden_0049,Utilise un gestionnaire de tâches comme Celery avec RabbitMQ. Chaque agent publie des tâches dans une queue et récupère les résultats. Configure des workers parallèles pour la scalabilité. Utilise un système de callbacks ou Redis Streams pour notifier la fin d’une tâche. Synchronise les résultats dans PostgreSQL. LangGraph peut coordonner les dépendances entre agents.,analysis
updateMday_golden_0050,"Installe slack_sdk. Crée une app Slack avec un token Bot. Dans l’agent, ajoute une fonction send_slack_message(channel, text) qui utilise WebClient(token).chat_postMessage(). Configure les canaux selon les événements (succès, erreur, validation requise). Utilise des emojis pour signaler le statut. Garde le token dans un secret.",analysis
updateMday_golden_0051,"Structure ton projet avec setup.py et un répertoire src/mon_module. Définis les dépendances dans pyproject.toml. Ajoute un fichier __init__.py pour rendre le dossier importable. Publie le package sur PyPI avec twine. Ajoute des tests unitaires, un README complet et un changelog.",analysis
updateMday_golden_0052,"Utilise pip-tools ou dependabot. Avec pip-tools, crée un fichier requirements.in, puis exécute pip-compile pour générer un requirements.txt figé. Automatise avec un cron ou GitHub Action qui teste les mises à jour sur une branche temporaire. Pour Dependabot, configure .github/dependabot.yml pour surveiller les dépendances et créer des PR automatiques.",pr
updateMday_golden_0053,"Utilise Authlib pour gérer OAuth2. Crée un endpoint /auth/google qui redirige vers Google OAuth. Après la redirection, récupère le code d’autorisation et échange-le contre un token. Vérifie l’utilisateur via l’API Google People et stocke-le en base. Retourne un JWT à ton frontend pour authentification persistante. Sécurise avec HTTPS et scopes limités.",analysis
updateMday_golden_0054,"Installe redis et configure un client global dans cache_service.py. Utilise await redis.set(key, value, ex=ttl) et await redis.get(key) dans les endpoints. Ajoute un décorateur @cache(ttl=60) pour mettre en cache automatiquement certaines fonctions. Utilise Redis pour stocker des sessions ou des jobs temporaires. Monitorer via RedisInsight.",analysis
updateMday_golden_0055,Installe spacy et télécharge un modèle (fr_core_news_md). Crée un pipeline avec TextCategorizer. Entraîne-le sur un dataset labellisé (ex: JSONL). Sauvegarde le modèle avec nlp.to_disk('model'). Charge-le ensuite dans FastAPI pour l’inférence. Intègre un endpoint /classify qui reçoit un texte et renvoie la catégorie prédite.,analysis
updateMday_golden_0056,"Déclare un endpoint @app.websocket(/ws""). Gère la connexion avec await websocket.accept()",analysis
updateMday_golden_0057,"Structure ton projet avec : /data, /models, /src, /scripts. Utilise DVC pour versionner les données. Crée une CI/CD (GitHub Actions) qui : entraîne, teste, valide et déploie le modèle. Stocke les artefacts dans S3. Utilise MLflow pour le suivi des expériences. Automatise le déploiement avec Docker et FastAPI pour servir le modèle.",analysis
updateMday_golden_0058,"Crée un Dockerfile avec base python:3.10-slim, copie ton code et exécute uvicorn main:app --host 0.0.0.0 --port 8000. Ajoute un requirements.txt. Crée un .dockerignore. Build avec docker build -t fastapi-app . et run avec docker run -p 8000:8000 fastapi-app. Pour le dev, ajoute un docker-compose.yml avec un service DB.",analysis
updateMday_golden_0059,"Utilise useState et useEffect pour charger les données via API. Mappe les lignes dans un <table>. Ajoute des filtres via input contrôlés. Ajoute la pagination client-side. Pour les gros volumes, intègre React Table ou AG-Grid. Stylise avec Tailwind. Ajoute des boutons d’action (éditer/supprimer) par ligne.",analysis
updateMday_golden_0060,"Utilise les handlers d’exceptions : @app.exception_handler(Exception). Crée un HTTPException(status_code=400, detail='message'). Personnalise la réponse JSON avec un modèle Pydantic ErrorResponse. Configure un middleware global pour loguer les erreurs et inclure un trace_id. En production, évite de retourner les stacktraces complètes.",analysis
updateMday_golden_0061,"Crée plusieurs routers (api_v1, api_v2). Monte-les dans main.py avec app.include_router(api_v1, prefix=/api/v1""). Versionne tes endpoints en cas de changements majeurs. Documente chaque version. Ajoute un middleware pour rediriger les clients vers la version par défaut si aucune n’est spécifiée.""",analysis
updateMday_golden_0062,"Crée un webhook Monday pointant vers /webhook de ton agent. L’agent reçoit les updates (status, columns). Il interprète les instructions via un modèle LLM et déclenche des actions automatisées : création de PR, génération de documentation, analyse de code. Une validation humaine peut être demandée avant l’exécution finale.",analysis
updateMday_golden_0063,"Utilise un service managé comme AWS RDS ou Render. Crée une instance, définis les paramètres (version, vCPU, RAM, stockage). Configure les credentials et la sécurité réseau (VPC, firewall). Connecte ton backend via la variable d’environnement DATABASE_URL. Active les sauvegardes automatiques et la surveillance CloudWatch.",analysis
updateMday_golden_0064,"Importe from fastapi.middleware.cors import CORSMiddleware. Ajoute app.add_middleware(CORSMiddleware, allow_origins=['*'], allow_methods=['*'], allow_headers=['*']). Restreins en production à ton domaine frontend. Cela permet à ton app React d’appeler l’API sans erreur CORS.",analysis
updateMday_golden_0065,Utilise pytest et httpx.AsyncClient. Crée un fichier test_api.py avec des fonctions async def test_route(): response = await client.get('/health'). Vérifie le status_code et le contenu. Mocke la base avec sqlite:///:memory:. Exécute les tests avec pytest -v. Intègre dans GitHub Actions pour CI.,analysis
updateMday_golden_0066,Utilise Redis Cluster ou Memcached. Configure des nœuds maîtres/réplicas. L’application utilise un client avec un pool de connexions. Utilise une clé unique (hashée) pour chaque donnée. Gère l’expiration automatique. Synchronise les caches après mise à jour via un message broker (RabbitMQ).,analysis
updateMday_golden_0067,"Installe celery et redis. Déclare un objet Celery celery = Celery('tasks', broker='redis://localhost:6379/0'). Crée des fonctions avec le décorateur @celery.task. Appelle task.delay() pour exécuter en arrière-plan. Démarre un worker avec celery -A app.tasks worker --loglevel=info. Utilise Flower pour le monitoring.",analysis
updateMday_golden_0068,"Crée un modèle User avec un champ role. Ajoute un décorateur @require_role(['admin']) qui vérifie le rôle depuis le token JWT. Implémente une table permissions si nécessaire. Dans React, masque les boutons non autorisés selon le rôle. Ajoute une page 403 pour les accès refusés.",analysis
updateMday_golden_0069,"Indexe les données avec Whoosh ou Elasticsearch. Crée un index sur les champs pertinents (titre, contenu, tags). Implémente un endpoint /search?q=... qui interroge l’index. Trie les résultats par score de pertinence. Met à jour l’index après chaque modification. Ajoute la recherche instantanée côté frontend.",analysis
updateMday_golden_0070,"Crée un module external_api_tool.py. Utilise httpx.AsyncClient pour faire les requêtes GET/POST. Gère les clés API dans les variables d’environnement. Implémente une fonction call_api(endpoint, payload) avec gestion des timeouts et des retries. Parse les réponses JSON pour les transformer en données exploitables par l’agent.",analysis
updateMday_golden_0071,"Utilise Redis Pub/Sub ou un broker RabbitMQ. Chaque agent s’abonne à un canal spécifique et publie des messages structurés JSON (event_type, payload). Les messages sont traités par des callbacks. Cela permet une communication décentralisée et scalable. Ajoute un système d’ACK et de retry pour la fiabilité.",analysis
updateMday_golden_0072,"Un projet Django standard contient : 1) un dossier principal avec settings.py, urls.py, wsgi.py, et asgi.py ; 2) un dossier apps/ contenant les applications (chaque app avec models.py, views.py, urls.py, templates/, admin.py, et tests.py) ; 3) un répertoire static/ pour les fichiers CSS/JS ; et 4) un dossier templates/ global pour les vues HTML. On lance le projet avec django-admin startproject mon_projet puis python manage.py startapp mon_app.",analysis
updateMday_golden_0073,"Crée un fichier articles.html dans /templates contenant un <ul> avec une boucle Jinja : {% for article in articles %}<li>{{ article.titre }}</li>{% endfor %}. Ajoute une route dans Django ou FastAPI pour rendre le template avec return templates.TemplateResponse('articles.html', {'articles': data}). Ajoute du style avec Tailwind ou Bootstrap.",analysis
updateMday_golden_0074,"Dans models.py, crée une classe héritant de models.Model : class Article(models.Model): titre = models.CharField(max_length=100); contenu = models.TextField(); date_pub = models.DateTimeField(auto_now_add=True). Ensuite exécute python manage.py makemigrations puis python manage.py migrate pour appliquer le modèle en base. Vérifie dans l’admin Django.",analysis
updateMday_golden_0075,"Dans admin.py, enregistre les modèles : from .models import Article; admin.site.register(Article). Connecte-toi à /admin après avoir créé un superutilisateur via python manage.py createsuperuser. L’interface permet d’ajouter, modifier et supprimer des objets. Tu peux personnaliser les colonnes affichées avec list_display et les filtres avec list_filter.",analysis
updateMday_golden_0076,"Crée un fichier form.html avec <form method='POST' action='/submit'> et des <input> pour les champs. Dans FastAPI, définis une route @app.post('/submit') qui récupère les données via Form(...). Retourne une réponse HTML ou JSON. Ajoute une validation côté client avec JavaScript et côté serveur avec Pydantic.",analysis
updateMday_golden_0077,"Utilise from fastapi.staticfiles import StaticFiles puis app.mount('/static', StaticFiles(directory='static'), name='static'). Mets tes fichiers CSS, JS, images dans ce dossier. Dans les templates Jinja2, appelle-les via /static/filename.css. En production, configure Nginx pour servir ces fichiers directement.",analysis
updateMday_golden_0078,"Structure ton projet avec : /src/components (UI), /src/pages (vues), /src/hooks, /src/services (API), /src/context (gestion globale d’état). Utilise App.jsx comme point d’entrée et index.jsx pour le rendu. Configure React Router pour la navigation. Utilise Vite ou Create React App pour le build.",analysis
updateMday_golden_0079,"Dans ton composant liste, ajoute <button onClick={() => handleDelete(item.id)}>Supprimer</button>. Implémente handleDelete qui appelle ton API DELETE (axios.delete('/items/' + id)). Mets à jour ton state local pour retirer l’élément supprimé sans recharger la page. Ajoute une confirmation avec window.confirm().",analysis
updateMday_golden_0080,"Dans FastAPI, utilise from fastapi.responses import FileResponse. Crée une route @app.get('/download/{filename}') qui retourne FileResponse(f'files/{filename}', media_type='application/octet-stream', filename=filename). Vérifie l’accès avec un token. Ajoute un header Content-Disposition pour forcer le téléchargement.",analysis
updateMday_golden_0081,"Crée un module ml/ avec ton modèle model.pkl. Dans views.py, charge le modèle avec joblib.load('ml/model.pkl') et crée une vue /predict qui reçoit un POST JSON, transforme les données, appelle model.predict(), et renvoie le résultat. Ajoute une page HTML avec un formulaire pour tester la prédiction.",analysis
updateMday_golden_0082,"Dans base.html, ajoute le lien CDN Bootstrap dans le <head>. Utilise les classes Bootstrap (container, btn, form-control) dans tes templates. Pour des composants interactifs (modales, dropdowns), importe aussi le JS Bootstrap et Popper.js. Tu peux également installer via npm et gérer avec Webpack.",analysis
updateMday_golden_0083,"Connecte ton repo GitHub à Render. Choisis “Django” comme type d’app. Configure les variables d’environnement (SECRET_KEY, DATABASE_URL). Render détecte automatiquement le fichier manage.py. Spécifie la commande de démarrage : gunicorn mon_projet.wsgi. Active l’autoscaling et les migrations automatiques.",analysis
updateMday_golden_0084,"Crée .github/workflows/test.yml avec un job Python. Installe les dépendances (pip install -r requirements.txt), configure une base SQLite, et lance python manage.py test. Ajoute une matrice Python 3.9/3.10. Ajoute un badge dans ton README pour afficher le statut CI. Configure la coverage avec pytest-cov.",analysis
updateMday_golden_0085,"Installe requests, crée une vue meteo_view qui appelle requests.get('https://api.openweathermap.org/...') avec la clé API. Parse le JSON et passe les données au template meteo.html. Ajoute un champ de recherche pour la ville. Affiche la température, la description, et une icône dynamique.",analysis
updateMday_golden_0086,Utilise python manage.py makemigrations pour générer les scripts de migration. Django crée des fichiers dans /migrations/ décrivant les changements de schéma. Exécute python manage.py sqlmigrate app_name 0001_initial pour voir le SQL. Applique avec python manage.py migrate.,analysis
updateMday_golden_0087,Utilise des media queries CSS ou un framework comme TailwindCSS. Exemple : <div class='flex flex-col md:flex-row'>. Ajoute des classes utilitaires (w-full md:w-1/2). Teste avec les outils de développement Chrome. Utilise meta viewport dans le <head> pour l’adaptation mobile.,analysis
updateMday_golden_0088,"Utilise useState pour suivre les valeurs, et map() pour générer les champs à partir d’un tableau de configuration. Exemple : {fields.map(f => <input key={f.id} name={f.name} onChange={handleChange}/> )}. Ajoute la validation en temps réel et un bouton d’ajout de champ. Gère la soumission avec onSubmit.",analysis
updateMday_golden_0089,"Installe tensorflow et charge ton modèle tf.keras.models.load_model('model.h5'). Crée un endpoint /predict recevant un JSON, converti en numpy.array. Passe-le dans model.predict() et retourne le résultat. Utilise un threadpool ou asyncio pour éviter le blocage. Prévois un timeout pour chaque requête.",analysis
updateMday_golden_0090,Installe langchain et un LLM (ex: OpenAI). Déclare une ConversationChain avec un MemoryBuffer. Crée une fonction ask_user(input) qui retourne la réponse du modèle. Intègre ce système dans FastAPI via un endpoint /chat. Ajoute un front React avec WebSocket pour afficher la conversation en temps réel.,analysis
updateMday_golden_0091,"Crée plusieurs apps (users, blog, comments). Chaque app a son propre models.py et urls.py. Regroupe les routes dans project/urls.py. Garde une cohérence de nommage (users/, blog/, comments/). Crée une base commune (User) et relie les autres modèles avec des clés étrangères.",analysis
updateMday_golden_0092,"Pour optimiser les requêtes Django : 1) Utilise select_related() pour les ForeignKey et OneToOne afin de réduire les requêtes N+1, 2) Utilise prefetch_related() pour les relations ManyToMany et reverse ForeignKey, 3) Ajoute des index sur les colonnes fréquemment filtrées avec db_index=True, 4) Utilise only() et defer() pour limiter les champs récupérés, 5) Active le query logging avec DEBUG_TOOLBAR pour identifier les requêtes lentes, 6) Utilise aggregate() et annotate() pour les calculs en base, 7) Cache les résultats avec Redis pour les requêtes répétitives.",analysis
updateMday_golden_0093,"Pour la pagination REST : 1) Utilise les query params ?page=1&limit=20, 2) Dans FastAPI, crée des paramètres page: int = 1 et limit: int = 20, 3) Calcule offset = (page - 1) * limit, 4) Retourne total_count, page, limit, et results dans la réponse JSON, 5) Ajoute des liens next/previous, 6) Limite le max à 100 items par page pour la performance, 7) Ajoute un header X-Total-Count pour les métadonnées.",analysis
updateMday_golden_0094,"Pour prévenir les injections SQL : 1) Utilise TOUJOURS des requêtes paramétrées (prepared statements), 2) Avec SQLAlchemy, utilise les ORM methods qui échappent automatiquement, 3) Ne concatène JAMAIS des strings dans les requêtes SQL, 4) Valide et sanitise toutes les entrées utilisateur avec Pydantic, 5) Utilise des whitelists pour les noms de colonnes dynamiques, 6) Active le mode strict du parser SQL, 7) Log et alerte sur les tentatives d'injection détectées.",analysis
updateMday_golden_0095,"Pour les notifications push : 1) Utilise l'API Push du navigateur avec service workers, 2) Demande la permission avec Notification.requestPermission(), 3) Enregistre le service worker et récupère la subscription, 4) Stocke les subscriptions en base côté serveur, 5) Utilise une lib comme web-push pour envoyer depuis le backend, 6) Génère des clés VAPID pour l'authentification, 7) Gère les cas où le user refuse ou révoque la permission, 8) Teste sur plusieurs navigateurs.",analysis
updateMday_golden_0096,"Pour limiter le taux de requêtes : 1) Installe slowapi, 2) Configure un limiter avec @limiter.limit('5/minute'), 3) Identifie les clients par IP ou clé API, 4) Stocke les compteurs dans Redis pour la persistence, 5) Retourne un code 429 Too Many Requests avec un header Retry-After, 6) Implémente des limites différentes selon les endpoints (login plus strict), 7) Whitelist les IPs de confiance, 8) Log les dépassements pour détecter les abus.",analysis
updateMday_golden_0097,"Pour RabbitMQ : 1) Installe pika (client Python), 2) Crée une connexion et un channel, 3) Déclare une queue avec channel.queue_declare(), 4) Publie des messages avec basic_publish(), 5) Consomme avec basic_consume() et un callback, 6) Implémente le acknowledge manuel pour la fiabilité, 7) Configure des exchanges (direct, topic, fanout) selon le besoin, 8) Gère la reconnexion automatique en cas de perte, 9) Monitore avec RabbitMQ Management UI.",analysis
updateMday_golden_0098,"Le pattern Repository : 1) Crée une interface IRepository avec les méthodes CRUD abstraites, 2) Implémente des classes concrètes (UserRepository, TaskRepository), 3) Injecte le repository dans les services via dependency injection, 4) Isole la logique de persistence de la logique métier, 5) Facilite les tests avec des mock repositories, 6) Permet de changer facilement de source de données (SQL vers NoSQL), 7) Ajoute des méthodes spécifiques au domaine (find_by_email, find_active_users).",analysis
updateMday_golden_0099,"Avec Alembic : 1) Installe alembic et initialise avec alembic init alembic, 2) Configure sqlalchemy.url dans alembic.ini, 3) Crée une migration avec alembic revision --autogenerate -m 'description', 4) Vérifie le fichier de migration généré dans /versions, 5) Applique avec alembic upgrade head, 6) Rollback avec alembic downgrade -1, 7) Gère les migrations en équipe avec git, 8) Teste les migrations sur un clone de prod avant déploiement.",analysis
updateMday_golden_0100,"Pour Elasticsearch : 1) Installe elasticsearch-py, 2) Crée un index avec un mapping défini, 3) Indexe les documents avec client.index(), 4) Effectue des recherches avec client.search() et DSL queries, 5) Utilise match_query pour la recherche textuelle fuzzy, 6) Configure des analyzers personnalisés (français, stopwords), 7) Implémente l'autocomplétion avec completion suggester, 8) Gère la synchronisation avec la base principale via des workers.",analysis
updateMday_golden_0101,"Pour Grafana : 1) Connecte Grafana à Prometheus comme source de données, 2) Crée un dashboard avec des panels (gauges, graphs, tables), 3) Configure des requêtes PromQL pour les métriques (CPU, mémoire, requêtes/sec), 4) Ajoute des alertes avec des seuils, 5) Configure les notifications vers Slack ou email, 6) Organise les dashboards par service (API, DB, Cache), 7) Utilise des variables pour filtrer dynamiquement, 8) Exporte et versionne les dashboards en JSON.",analysis
updateMday_golden_0102,"CQRS (Command Query Responsibility Segregation) : 1) Sépare les opérations de lecture (queries) des opérations d'écriture (commands), 2) Crée un service CommandHandler pour les mutations, 3) Crée un service QueryHandler pour les lectures, 4) Utilise des modèles de données différents (write model vs read model), 5) Synchronise avec Event Sourcing ou CDC, 6) Optimise chaque côté indépendamment, 7) Scale les reads et writes séparément.",analysis
updateMday_golden_0103,"Pour les transactions distribuées : 1) Évite les transactions ACID classiques, 2) Implémente le pattern Saga (choreography ou orchestration), 3) Chaque service effectue une transaction locale et publie un événement, 4) Implémente des opérations de compensation pour les rollbacks, 5) Utilise un event bus (Kafka, RabbitMQ), 6) Gère l'idempotence des opérations, 7) Log toutes les étapes pour la traçabilité, 8) Accepte la consistance éventuelle.",analysis
updateMday_golden_0104,"Pour les feature flags : 1) Crée une table features avec nom, enabled, users_whitelist, 2) Implémente une fonction is_feature_enabled(feature_name, user_id), 3) Cache les flags dans Redis avec TTL court, 4) Crée une interface admin pour toggle les features, 5) Utilise des pourcentages de rollout progressif, 6) Log l'utilisation des features pour l'analyse, 7) Intègre avec LaunchDarkly ou ConfigCat pour une solution managée.",analysis
updateMday_golden_0105,"Versioning sémantique (SemVer) : 1) Format MAJOR.MINOR.PATCH (ex: 2.1.3), 2) MAJOR : breaking changes incompatibles, 3) MINOR : ajout de fonctionnalités rétrocompatibles, 4) PATCH : corrections de bugs, 5) Documente les changements dans un CHANGELOG.md, 6) Utilise des tags git pour marquer les releases, 7) Dans l'API, expose la version dans un header ou l'URL (/v2/users), 8) Maintiens au moins 2 versions majeures en parallèle.",analysis
updateMday_golden_0106,"Health checks : 1) Crée un endpoint /health qui retourne 200 si OK, 2) Vérifie la DB avec une requête simple (SELECT 1), 3) Vérifie Redis avec un PING, 4) Vérifie les dépendances externes avec des timeouts courts, 5) Retourne un JSON détaillé avec le statut de chaque composant, 6) Implémente aussi /ready pour Kubernetes readiness, 7) Configure des intervalles courts (5-10s), 8) Log les échecs pour investigation.",analysis
updateMday_golden_0107,"Caching multi-niveaux : 1) L1 : cache in-memory local (dict Python ou LRU cache), 2) L2 : cache distribué Redis, 3) L3 : cache CDN pour les assets statiques, 4) Stratégie : check L1 → L2 → DB, 5) TTL différenciés par type de données, 6) Invalidation proactive sur les mutations, 7) Cache-aside pattern pour les reads, 8) Monitore les hit rates à chaque niveau.",analysis
updateMday_golden_0108,"OpenTelemetry : 1) Installe opentelemetry-api et -sdk, 2) Configure un tracer provider, 3) Instrumente ton code avec @tracer.start_as_current_span(), 4) Propage le trace context entre services (headers), 5) Exporte vers Jaeger ou Zipkin, 6) Ajoute des attributs personnalisés aux spans, 7) Trace les appels DB, cache, et API externes, 8) Visualise les latences et identifie les bottlenecks.",analysis
updateMday_golden_0109,"Déduplication : 1) Génère un message_id unique (UUID), 2) Stocke les IDs traités dans Redis avec TTL, 3) Avant traitement, check if message_id in cache, 4) Pour les idempotence keys, utilise une table DB avec contrainte unique, 5) Implémente un TTL court (5-10min) pour limiter la taille, 6) Gère les collisions avec un hash du payload si nécessaire, 7) Log les duplicatas détectés pour monitoring.",analysis
updateMday_golden_0110,"Circuit Breaker : 1) Installe circuitbreaker ou pybreaker, 2) Wrappe les appels externes avec @circuit, 3) États : Closed (normal), Open (erreur), Half-Open (test), 4) Configure un seuil d'erreurs (ex: 5 échecs), 5) Timeout d'ouverture (30s avant retry), 6) Retourne une réponse fallback quand ouvert, 7) Log les transitions d'état, 8) Monitore les métriques (opened_count, success_rate).",analysis
updateMday_golden_0111,"Secrets Kubernetes : 1) Crée un secret avec kubectl create secret generic, 2) Monte-le comme volume ou variable d'environnement, 3) Chiffre les secrets at-rest avec KMS, 4) Utilise Sealed Secrets pour versionner dans git, 5) Limite l'accès avec RBAC, 6) Rotate régulièrement les secrets, 7) Alternative : utilise un vault externe (HashiCorp Vault, AWS Secrets Manager), 8) Ne log JAMAIS les secrets.",analysis
updateMday_golden_0112,"Retry avec backoff : 1) Utilise tenacity library, 2) Configure @retry(stop=stop_after_attempt(3), wait=wait_exponential()), 3) Premiers délais : 1s, 2s, 4s, 4) Ajoute du jitter pour éviter les tempêtes, 5) Définis les exceptions retryables (NetworkError, 503), 6) Log chaque tentative, 7) Set un max_wait pour limiter l'attente, 8) Retourne une erreur claire après épuisement.",analysis
updateMday_golden_0113,"Blue-Green deployment : 1) Maintiens 2 environnements identiques (blue et green), 2) Blue sert le trafic actuel, 3) Déploie la nouvelle version sur green, 4) Teste green exhaustivement, 5) Bascule le load balancer vers green, 6) Monitore les erreurs post-switch, 7) Garde blue en standby pour rollback rapide, 8) Une fois stable, green devient le nouveau blue.",analysis
updateMday_golden_0114,"Saga orchestrée : 1) Crée un orchestrator central qui coordonne, 2) Définis les étapes séquentielles (reserve_payment, book_hotel, send_confirmation), 3) L'orchestrator appelle chaque service et attend la réponse, 4) En cas d'échec, exécute les compensations en ordre inverse, 5) Stocke l'état du saga en DB pour reprise, 6) Log chaque transition, 7) Implémente des timeouts par étape, 8) Expose un endpoint pour consulter l'état.",analysis
updateMday_golden_0115,"Optimisation Docker : 1) Utilise des images alpine (python:3.11-alpine), 2) Multi-stage builds pour séparer build et runtime, 3) Copie requirements.txt avant le code pour le cache layer, 4) Supprime les caches pip (--no-cache-dir), 5) Utilise .dockerignore pour exclure les fichiers inutiles, 6) Combine les RUN pour réduire les layers, 7) Scanne avec trivy pour les vulnérabilités, 8) Compresse avec docker-slim si possible.",analysis
updateMday_golden_0116,"Quotas utilisateur : 1) Ajoute une colonne quota_limit et quota_used à User, 2) Incrémente quota_used à chaque opération, 3) Vérifie avant chaque action if quota_used >= quota_limit, 4) Reset mensuel avec un cron job, 5) Stocke les compteurs dans Redis pour la performance, 6) Crée des plans (free, pro, enterprise) avec limites différentes, 7) Envoie des alertes à 80% et 100%, 8) Interface admin pour ajuster manuellement.",analysis
updateMday_golden_0117,"Upload de gros fichiers : 1) Utilise UploadFile avec streaming, 2) Chunked upload : découpe côté client en morceaux, 3) Stocke temporairement avec un upload_id unique, 4) Réassemble les chunks côté serveur, 5) Utilise S3 avec presigned URLs pour upload direct, 6) Limite la taille max avec MAX_UPLOAD_SIZE, 7) Valide le type MIME, 8) Scanne les virus avec ClamAV, 9) Progress tracking avec WebSocket.",analysis
updateMday_golden_0118,"Pattern Outbox : 1) Lors d'une transaction DB, insère aussi dans une table outbox, 2) Un worker polling lit l'outbox et publie dans le message broker, 3) Marque comme processed après publication réussie, 4) Garantit la cohérence (atomicité DB + event), 5) Gère les duplicatas avec message_id, 6) Retry automatique en cas d'échec de publication, 7) Archive les messages traités après 7 jours, 8) Monitore la lag (messages pending).",analysis
updateMday_golden_0119,"RBAC : 1) Modèles : User, Role, Permission, 2) Relations : User many-to-many Role, Role many-to-many Permission, 3) Définis des rôles (admin, editor, viewer), 4) Définis des permissions (user:create, post:delete), 5) Décorateur @require_permission('post:edit'), 6) Vérifie dans le middleware les permissions du user, 7) Cache les permissions dans Redis, 8) Interface admin pour gérer roles et permissions.",analysis
updateMday_golden_0120,"Soft delete : 1) Ajoute une colonne deleted_at nullable, 2) Sur delete, fais UPDATE SET deleted_at = NOW(), 3) Filtre par défaut WHERE deleted_at IS NULL, 4) Manager custom pour inclure/exclure les supprimés, 5) Endpoint admin pour restaurer (SET deleted_at = NULL), 6) Purge définitive après X jours avec un job, 7) Index sur deleted_at pour performance, 8) Audit trail complet.",analysis
updateMday_golden_0121,"Hot reload : 1) Lance avec uvicorn main:app --reload, 2) Surveille les changements de fichiers .py, 3) Redémarre automatiquement le serveur, 4) Pour Docker, monte le volume : -v $(pwd):/app, 5) Utilise watchfiles pour des patterns custom, 6) Exclut les dossiers inutiles (__pycache__, .git), 7) En prod, DÉSACTIVE le reload, 8) Alternative : utilise nodemon avec python.",analysis
updateMday_golden_0122,"Webhooks sortants : 1) Table webhook_subscriptions (url, events, secret), 2) Sur événement, récupère les subscribers, 3) Envoie POST avec payload JSON signé (HMAC), 4) Retry avec backoff si échec (3 tentatives), 5) Timeout de 5s par requête, 6) Log les succès/échecs, 7) Désactive après X échecs consécutifs, 8) Interface pour tester les webhooks, 9) Respecte les rate limits du destinataire.",analysis
updateMday_golden_0123,"Templating emails : 1) Utilise Jinja2 pour les templates HTML, 2) Stocke les templates dans /templates/emails/, 3) Variables dynamiques : {{ user.name }}, {{ order.id }}, 4) Crée une version plaintext alternative, 5) Inline CSS pour compatibilité email, 6) Teste avec un service (Litmus, Email on Acid), 7) Implémente i18n pour multi-langues, 8) Prévisualise avant envoi, 9) Track les opens avec pixel.",analysis
updateMday_golden_0124,"Logs structurés : 1) Utilise structlog, 2) Configure le renderer JSON, 3) Log des dicts : log.info('user_login', user_id=123, ip=ip), 4) Indexe dans Elasticsearch, 5) Ajoute des champs standards (timestamp, level, service), 6) Injecte le trace_id dans chaque log, 7) Parse facilement avec jq, 8) Dashboards Kibana pour analyse.",analysis
updateMday_golden_0125,"Time zones : 1) Stocke TOUJOURS en UTC en base, 2) Utilise datetime avec tzinfo, 3) Convertis à la timezone user lors de l'affichage, 4) Utilise pytz ou zoneinfo, 5) API : accepte et retourne ISO 8601 avec offset, 6) Frontend : utilise moment.js ou date-fns-tz, 7) Gère le DST automatiquement, 8) Teste avec différentes zones.",analysis
updateMday_golden_0126,"Commentaires thread : 1) Modèle : Comment avec parent_id self-referential, 2) Récursif : parent many-to-many children, 3) Query : récupère avec select_related('parent').prefetch_related('children'), 4) Frontend : affiche récursivement avec composant Comment, 5) Limite la profondeur (max 3 niveaux), 6) Ordre : tri par created_at ou votes, 7) Pagination par niveau, 8) Notifications sur réponses.",analysis
updateMday_golden_0127,"Tags avec autocomplete : 1) Table tags (name unique), 2) Relation many-to-many avec items, 3) Index full-text sur name, 4) Endpoint /tags/search?q=prefix avec LIKE 'prefix%', 5) Cache les tags populaires, 6) Frontend : utilise un composant autocomplete, 7) Debounce les requêtes (300ms), 8) Affiche max 10 suggestions, 9) Permet création de nouveau tag inline.",analysis
updateMday_golden_0128,"Favoris : 1) Table likes (user_id, item_id, contrainte unique), 2) Endpoint POST /items/{id}/like toggle, 3) Cache le count dans Redis : INCR item:123:likes, 4) Requête optimisée : SELECT EXISTS(SELECT 1 FROM likes WHERE ...), 5) Agrégation : annotate(likes_count=Count('likes')), 6) Dénormalise le count en DB si nécessaire, 7) Real-time updates via WebSocket.",analysis
updateMday_golden_0129,"Sessions Redis : 1) Génère un session_id (UUID), 2) Stocke dans Redis : SET session:uuid {user_data} EX 3600, 3) Cookie httpOnly avec le session_id, 4) Middleware récupère la session à chaque requête, 5) Renouvelle le TTL sur activité, 6) Logout : DELETE session:uuid, 7) Liste les sessions actives d'un user, 8) Force disconnect de toutes les sessions.",analysis
updateMday_golden_0130,"Codes promo : 1) Table promo_codes (code unique, discount_percent, max_uses, expires_at), 2) Vérifications : code existe, pas expiré, usages < max_uses, 3) Incrémente uses_count dans transaction, 4) Applique la réduction au panier, 5) Stocke l'utilisation (user_id, code, timestamp), 6) Un code par commande, 7) Codes à usage unique : max_uses=1, 8) Admin : génère des codes en bulk.",analysis
updateMday_golden_0131,"Recherche avec filtres : 1) Query params : ?category=tech&price_min=10&price_max=50, 2) Build query dynamiquement : filters = [], 3) Ajoute les conditions : if category: filters.append(Item.category == category), 4) Combine avec AND : query.filter(*filters), 5) Utilise des index sur les colonnes filtrées, 6) Frontend : chips pour filtres actifs, 7) Compteurs : items trouvés par filtre, 8) Sauvegarde les recherches favorites.",analysis
updateMday_golden_0132,"Génération PDF : 1) Utilise ReportLab ou WeasyPrint, 2) Template HTML/CSS pour le design, 3) Convertis avec pdfkit ou weasyprint.HTML().write_pdf(), 4) Données dynamiques via Jinja2, 5) Endpoint /reports/{id}/pdf génère et stream, 6) Option : génère async et notifie, 7) Stocke dans S3 avec expiration, 8) Ajoute header/footer, pagination, 9) Watermark pour drafts.",analysis
updateMday_golden_0133,"Gestion erreurs réseau : 1) Utilise httpx avec timeout explicite, 2) Try/except : httpx.TimeoutException, httpx.ConnectError, 3) Retry avec tenacity sur erreurs transient (502, 503, 504), 4) Circuit breaker pour éviter les tempêtes, 5) Fallback : retourne des données en cache ou valeur par défaut, 6) Log détaillé : URL, status, latency, 7) Alerte si taux d'erreur > seuil, 8) Test avec mock qui fail.",analysis
updateMday_golden_0134,"Système de points : 1) Table user_points (user_id, balance), 2) Table transactions (user_id, amount, reason, timestamp), 3) Actions récompensées : signup (+100), post (+10), invite (+50), 4) Transactions atomiques : UPDATE balance, INSERT transaction, 5) Historique complet pour audit, 6) Expirations : points valides 1 an, 7) Échange contre rewards, 8) Leaderboard des top users.",analysis
updateMday_golden_0135,"Abonnements récurrents : 1) Table subscriptions (user_id, plan_id, status, current_period_end), 2) Intégration Stripe pour les paiements, 3) Webhook Stripe : invoice.paid → renouvelle l'abonnement, 4) Statuts : active, past_due, canceled, 5) Cron job quotidien : vérifie les expirations, 6) Envoie des emails : renouvellement réussi/échoué, 7) Prorata pour upgrades, 8) Période d'essai gratuite.",analysis
updateMday_golden_0136,"Système de réservations : 1) Table slots (resource_id, start_time, end_time, status), 2) Vérif disponibilité : WHERE NOT EXISTS (overlap), 3) Lock pessimiste pendant la réservation, 4) Transaction pour éviter double booking, 5) Statuts : available, reserved, confirmed, completed, 6) Annulation : délai limite, remboursement, 7) Overbooking contrôlé, 8) Calendrier visuel en frontend.",analysis
updateMday_golden_0137,"Stockage S3 : 1) Installe boto3, 2) Client : s3 = boto3.client('s3'), 3) Upload : s3.upload_fileobj(file, bucket, key), 4) Download : s3.download_fileobj(bucket, key, file), 5) Presigned URLs pour upload direct client, 6) Lifecycle policies : archive après 90j, suppression après 1 an, 7) Versioning activé, 8) CORS configuré, 9) CloudFront pour CDN.",analysis
updateMday_golden_0138,"Révisions de contenu : 1) Table revisions (item_id, version, content_snapshot, created_by), 2) À chaque edit, insère une nouvelle révision, 3) version auto-incrémenté, 4) Endpoint /items/{id}/revisions liste l'historique, 5) Endpoint /items/{id}/revert/{version} restaure, 6) Diff entre versions (Myers algorithm), 7) Limite : garde 50 dernières révisions, 8) Blame : qui a modifié quoi.",analysis
updateMday_golden_0139,"Dashboard temps réel : 1) Backend : WebSocket manager avec liste de connections, 2) Broadcast sur événement : await manager.send_json(data), 3) Frontend : const ws = new WebSocket('ws://...'), 4) ws.onmessage = (e) => updateDashboard(JSON.parse(e.data)), 5) Metrics : requêtes/sec, users online, errors, 6) Graphes avec Chart.js ou Recharts, 7) Auto-reconnect si déconnecté, 8) Heartbeat pour détecter les connexions mortes.",analysis
updateMday_golden_0140,"Modération de contenu : 1) Queue de modération : table items avec status=pending, 2) Dashboard admin liste les items pending, 3) Actions : approve, reject, flag, 4) Intégration API modération (Perspective, OpenAI Moderation), 5) Filtres automatiques : spam, profanity, 6) Reports utilisateurs : table reports (item_id, reason, reporter), 7) Historique des décisions, 8) Appeals : les users peuvent contester.",analysis
updateMday_golden_0141,"Migrations sensibles : 1) Backup complet avant migration, 2) Test sur un clone de prod, 3) Script réversible (up et down), 4) Chiffre les données sensibles avant migration, 5) Migration en heures creuses, 6) Mode maintenance si downtime nécessaire, 7) Monitoring : check data integrity après, 8) Plan de rollback documenté, 9) Communication aux users.",analysis
updateMday_golden_0142,"Changelog API : 1) Fichier CHANGELOG.md structuré par version, 2) Format : Added, Changed, Deprecated, Removed, Fixed, Security, 3) Versionning sémantique, 4) Exposition : endpoint /changelog retourne le markdown ou JSON, 5) Notifications : email sur breaking changes, 6) Deprecated endpoints : header X-Deprecated-Warning, 7) Sunset header pour les EOL, 8) Documentation automatique avec tags.",analysis
updateMday_golden_0143,"i18n : 1) Fichiers de traduction : /locales/fr.json, /locales/en.json, 2) Structure : {'welcome': 'Bienvenue', 'login': 'Connexion'}, 3) Détection langue : header Accept-Language ou query param, 4) Backend : fonction t(key, lang) retourne la traduction, 5) Frontend : bibliothèque i18next ou react-i18next, 6) Variables : t('welcome_user', {name: 'Alice'}), 7) Fallback à la langue par défaut, 8) Pluralisation gérée.",analysis
updateMday_golden_0144,"Queue prioritaire : 1) Redis sorted set : ZADD queue score task_id, 2) Score = priorité (plus bas = plus urgent), 3) Worker : ZPOPMIN queue récupère le plus urgent, 4) Priorités : urgent (1), high (5), normal (10), low (20), 5) Réordonne dynamiquement si nécessaire, 6) Timeout : remet en queue si pas traité en X min, 7) Métriques : taille queue par priorité, 8) Dead letter queue pour échecs.",analysis
updateMday_golden_0145,"Événements planifiés : 1) Stocke start_time en UTC, 2) Stocke aussi timezone de l'événement, 3) Affiche converti : pytz.timezone(event.timezone).localize(), 4) Cron jobs : exécute en UTC, 5) Notifications : envoie à l'heure locale du user, 6) Gère DST automatiquement, 7) iCal export avec VTIMEZONE, 8) Validation : timezone doit être dans pytz.all_timezones.",analysis
updateMday_golden_0146,"Backup automatique : 1) Cron job quotidien : pg_dump database > backup_$(date).sql, 2) Upload sur S3 avec versioning, 3) Retention : 7 daily, 4 weekly, 12 monthly, 4) Test de restore mensuel automatisé, 5) Chiffrement AES-256 des backups, 6) Alertes si backup échoue, 7) Backup incrémental pour grosse DB, 8) Documentation du process de restore, 9) Offsite backup dans région différente.",analysis
updateMday_golden_0147,"Génération factures : 1) Modèle Invoice (number, date, customer, items, total, status), 2) Numérotation automatique séquentielle, 3) Template PDF avec logo et mentions légales, 4) Calcul TTC : HT + TVA, 5) Statuts : draft, sent, paid, overdue, 6) Emails automatiques avec PDF attaché, 7) Rappels pour impayés, 8) Export comptable CSV, 9) Archivage légal 10 ans.",analysis
updateMday_golden_0148,"Système de recommandations : 1) Collaborative filtering : similitude entre users, 2) Content-based : features des items, 3) Hybrid approach combine les deux, 4) Calcul de similarité : cosine similarity, 5) Matrice user-item sparse, 6) Algorithme : K-Nearest Neighbors ou Matrix Factorization, 7) Batch compute quotidien, stocke dans Redis, 8) Real-time : mets à jour sur interactions, 9) A/B testing pour mesurer l'impact.",analysis
updateMday_golden_0149,"CORS multi-domaines : 1) Liste whitelist des origines autorisées, 2) Middleware vérifie origin contre whitelist, 3) Retourne Access-Control-Allow-Origin dynamiquement, 4) Methods : GET, POST, PUT, DELETE, OPTIONS, 5) Headers : Authorization, Content-Type, 6) Credentials : true si cookies nécessaires, 7) Preflight cache : Access-Control-Max-Age, 8) Env var pour config par environnement.",analysis
updateMday_golden_0150,"Système de votes : 1) Table polls (question, options JSON, ends_at), 2) Table votes (poll_id, user_id, option_index, contrainte unique), 3) Vérif : user pas déjà voté, poll non expiré, 4) Agrégation : COUNT par option, 5) Real-time results via WebSocket, 6) Anonymous polls : stocke IP hash au lieu de user_id, 7) Results visibles après vote ou fin, 8) Export résultats CSV.",analysis
updateMday_golden_0151,"Cache invalidation : 1) Tags : associe des tags aux clés (user:123, posts), 2) Invalidation par tag : redis.delete(*redis.keys('user:123:*')), 3) Event-driven : sur mutation, publie event d'invalidation, 4) Stale-while-revalidate : retourne cache périmé pendant refresh, 5) Time-based : TTL court + background refresh, 6) Versioning : incrémente version dans clé, 7) Monitoring : track invalidation rate.",analysis
updateMday_golden_0152,"Chat temps réel : 1) WebSocket pour bidirectionnelle, 2) Table messages (room_id, user_id, content, timestamp), 3) Server broadcast aux users dans la room, 4) Typing indicators : events ephemeral, 5) Read receipts : table read_status, 6) Message history : pagination infinie, 7) Upload images inline, 8) Emoji reactions, 9) Modération : filtres bad words.",analysis
updateMday_golden_0153,"Cohérence éventuelle : 1) Accepte que les reads peuvent être stale, 2) Write : succès dès qu'accepté par un nœud, 3) Réplication async en arrière-plan, 4) Conflict resolution : last-write-wins ou merge, 5) Version vectors pour détecter conflits, 6) Read-your-writes consistency avec session sticky, 7) Monitoring du lag de réplication, 8) Acceptable pour analytics, problématique pour transactions financières.",pr
updateMday_golden_0154,"Billing usage-based : 1) Metering : track chaque API call, stockage utilisé, 2) Table usage_metrics (user_id, metric, quantity, timestamp), 3) Agrégation mensuelle : SUM par metric, 4) Pricing tiers : 0-1000 free, 1001-10000 $0.01, etc, 5) Génération facture fin de mois, 6) Preview usage en temps réel dans dashboard, 7) Alertes si dépassement, 8) Proration pour changements de plan.",analysis
updateMday_golden_0155,"A/B testing : 1) Table experiments (name, variants, traffic_split), 2) Assignation : hash(user_id + experiment) % 100 < split, 3) Stocke variant assignée : user_experiments cache, 4) Track events : conversions, metrics par variant, 5) Calcul statistical significance, 6) Dashboard : results visualization, 7) Kill switch pour arrêter rapidement, 8) Gradual rollout du winner.",analysis
updateMday_golden_0156,"SSO : 1) Protocole : SAML ou OAuth2/OIDC, 2) Identity Provider (IdP) : Okta, Auth0, AD, 3) Service Provider (SP) : ton app, 4) Flow : redirect vers IdP, auth, callback avec token, 5) Échange token contre user info, 6) Crée session locale, 7) Single Logout : proppage logout sur tous services, 8) JIT provisioning : crée user automatiquement.",analysis
updateMday_golden_0157,"Gestion deadlocks : 1) Détection : DB logs errors 1213, 2) Ordre constant d'accès aux ressources, 3) Transactions courtes, 4) Index appropriés pour réduire lock time, 5) Isolation level READ COMMITTED au lieu de SERIALIZABLE, 6) Retry automatique sur deadlock detection, 7) Monitoring : fréquence des deadlocks, 8) Refactoring : split en transactions plus petites.",pr
updateMday_golden_0158,"Géolocalisation : 1) Stocke lat/lng en DB (DECIMAL(10,8)), 2) Index spatial : PostGIS ou MySQL spatial, 3) Calcul distance : formule Haversine, 4) Query : trouve points dans rayon X km, 5) Geocoding : adresse → lat/lng (Google Maps API), 6) Reverse geocoding : lat/lng → adresse, 7) Frontend : Google Maps ou Leaflet, 8) Privacy : demande permission, floute position.",analysis
updateMday_golden_0159,"Watermarking images : 1) Utilise Pillow (PIL), 2) Charge image et watermark, 3) Calcul position : centre, coin, répété, 4) Blend avec transparence : Image.alpha_composite(), 5) Options : texte dynamique (user ID, date), 6) Resize watermark selon taille image, 7) Batch processing pour uploads existants, 8) Détection : DWT ou DCT pour watermarks invisibles.",analysis
updateMday_golden_0160,"SEO : 1) Meta tags dynamiques : title, description, keywords, 2) Open Graph pour social sharing, 3) Sitemap.xml généré automatiquement, 4) Robots.txt configuré, 5) URLs sémantiques : /blog/mon-article, 6) Canonical URLs pour éviter duplicate content, 7) Schema.org structured data (JSON-LD), 8) Performance : page speed, Core Web Vitals, 9) Mobile-first responsive.",analysis
updateMday_golden_0161,"Transactions bancaires : 1) ACID compliance impératif, 2) Double-entry bookkeeping : débit = crédit, 3) Table transactions avec status (pending, completed, failed), 4) Idempotence : même request = même résultat, 5) Reconciliation quotidienne avec la banque, 6) Chiffrement des données sensibles, 7) Audit log complet, 8) PCI DSS compliance si cartes, 9) 2FA pour transactions sensibles.",analysis
updateMday_golden_0162,"Autocomplete performant : 1) Index Trie ou prefix tree, 2) Stocke dans Redis sorted set : ZADD avec score = popularité, 3) Query : ZRANGEBYLEX pour prefix match, 4) Cache client-side : stocke 100 dernières suggestions, 5) Debounce 300ms, 6) Max 10 résultats, 7) Highlight du match, 8) Analytics : track CTR par suggestion, 9) Update index en temps réel ou batch.",analysis
updateMday_golden_0163,"Réputation utilisateur : 1) Score calculé : posts * 1 + comments * 0.5 + votes_received * 2, 2) Badges : débutant (10), contributeur (100), expert (1000), 3) Levels : progression avec paliers, 4) Decay : points expirent après 1 an, 5) Pénalités : spam -50, report validé -100, 6) Leaderboard : top 100 users, 7) Permissions débloquées par niveau, 8) Gamification : streaks, achievements.",analysis
updateMday_golden_0164,"Job queue : 1) Celery avec Redis broker, 2) Définir tasks : @celery.task(bind=True), 3) Enqueue : task.apply_async(args, countdown=10), 4) Workers : celery -A app worker -Q high,low, 5) Priority queues : separate queues, 6) Retry : autoretry_for=(Exception,), max_retries=3, 7) Progress tracking : task.update_state(), 8) Monitoring : Flower dashboard, 9) Timeout : soft_time_limit, hard_time_limit.",analysis
updateMday_golden_0165,"Uploads multiples : 1) Input file avec multiple attribute, 2) FormData côté client avec plusieurs files, 3) Backend : files: List[UploadFile], 4) Validation : type, taille par fichier, 5) Traitement parallèle : asyncio.gather(), 6) Progress bar : chunk upload avec updates, 7) Zip si nombreux fichiers, 8) Preview avant upload, 9) Drag & drop interface.",analysis
updateMday_golden_0166,"Email templating : 1) Jinja2 templates dans /templates/emails/, 2) Base template : header, footer réutilisables, 3) Variables : {{ user.name }}, {{ action_url }}, 4) Inline CSS avec premailer, 5) Plaintext alternative automatique, 6) Preview dans dashboard admin, 7) Versioning des templates, 8) A/B testing de sujets, 9) Unsubscribe link obligatoire.",analysis
updateMday_golden_0167,"Gestion versions API : 1) Stratégies : URL (/v1/), header (Accept: application/vnd.api+json;version=1), 2) Maintiens N et N-1, 3) Deprecation warnings dans responses, 4) Migration guides dans docs, 5) Analytics : usage par version, 6) Sunset policy : 6 mois min avant EOL, 7) Tests rétrocompatibilité dans CI, 8) Changelog détaillé par version.",analysis
updateMday_golden_0168,"Dark mode : 1) Variable CSS : --bg-color, --text-color, 2) Theme toggle : localStorage.setItem('theme', 'dark'), 3) Détection préférence : prefers-color-scheme media query, 4) Classes : .dark appliquée sur body, 5) Transitions smooth entre thèmes, 6) Images : variantes dark/light si nécessaire, 7) Syntax highlighting adapté, 8) Test contraste WCAG AA.",analysis
updateMday_golden_0169,"Migrations zero-downtime : 1) Backward compatible d'abord, 2) Étape 1 : ajoute nouvelle colonne nullable, 3) Déploie code qui écrit dans les deux, 4) Backfill data progressivement, 5) Étape 2 : bascule lectures sur nouvelle colonne, 6) Monitore performance, 7) Étape 3 : supprime ancienne colonne, 8) Blue-green deployment, 9) Rollback plan testé.",analysis
updateMday_golden_0170,"Rapports planifiés : 1) Table scheduled_reports (name, query, recipients, cron), 2) Scheduler exécute selon cron, 3) Génère rapport (CSV, PDF, Excel), 4) Envoie par email ou upload vers S3, 5) Template customizable, 6) Filtres dynamiques : date range, categories, 7) Preview avant planification, 8) Historique des exécutions, 9) Pause/resume capability.",analysis
updateMday_golden_0171,"Suggestions de recherche : 1) Log toutes les queries dans search_log, 2) Agrégation : queries populaires par jour, 3) Trie par fréquence et recency, 4) Filtre : min 3 caractères, pas de queries sensibles, 5) API /suggest?q=prefix limit 10, 6) Cache dans Redis avec TTL 1h, 7) Personnalisation : historique user, 8) Analytics : CTR, conversions par suggestion.",analysis
updateMday_golden_0172,"Feature toggles avancés : 1) Conditions : user_role, percentage_rollout, date_range, 2) Évaluateur : evaluate_feature(name, context), 3) Context : user info, request metadata, 4) Targeting rules : if user.email.endswith('@company.com'), 5) Kill switch : désactive instantanément, 6) Metrics : adoption par feature, 7) Cleanup : supprime flags anciens, 8) SDK : LaunchDarkly, Unleash.",analysis
updateMday_golden_0173,"Config multi-env : 1) Fichiers : config.dev.py, config.prod.py, 2) Env var : ENV=production, 3) Chargement : config = import(f'config.{ENV}'), 4) Secrets : jamais en dur, toujours depuis vault, 5) Validation : Pydantic BaseSettings, 6) Overrides locaux : .env.local, 7) Defaults sensés pour dev, 8) Documentation des variables requises.",analysis
updateMday_golden_0174,"Rate limiting granulaire : 1) Décorateur par endpoint : @limiter.limit('10/minute'), 2) Limites différentes : /login (5/min), /api (100/min), 3) Identifiant : IP, user_id, API key, 4) Stockage compteurs : Redis INCR avec EXPIRE, 5) Headers response : X-RateLimit-Limit, X-RateLimit-Remaining, 6) 429 avec Retry-After, 7) Burst allowance : token bucket, 8) Whitelist pour admins.",analysis
updateMday_golden_0175,"Feedback utilisateur : 1) Widget dans l'app : bouton feedback, 2) Formulaire : type (bug, feature, question), message, screenshot, 3) Métadonnées : page, user, browser, timestamp, 4) Stockage : DB + notification Slack, 5) Statut : open, in-progress, resolved, closed, 6) Réponse à l'utilisateur par email, 7) Public roadmap : vote sur features, 8) Analytics : sentiment analysis.",analysis
updateMday_golden_0176,"Cache prédictif : 1) ML model prédit les prochaines queries, 2) Features : historique user, heure, jour semaine, 3) Précharge le cache avant la demande, 4) Warm-up cache après déploiement, 5) Prefetch : anticipe les next pages, 6) Edge cases : nouveau user sans historique, 7) Metrics : hit rate avant/après prédiction, 8) Fallback : cache classique si prédiction échoue.",analysis
updateMday_golden_0177,"Dépendances circulaires : 1) Détection : analyse du graphe de dépendances, 2) Refactoring : extraction en service partagé, 3) Event-driven : services publient events, pas d'appels directs, 4) API gateway : centralise les appels, 5) Lazy loading : import au besoin, pas au top level, 6) Dependency injection : inversion of control, 7) Monitoring : alerte sur cycles détectés.",analysis
updateMday_golden_0178,"Offline-first : 1) Local storage : IndexedDB pour données, 2) Service worker : cache assets, 3) Queue mutations : stocke en local si offline, 4) Sync quand online : background sync API, 5) Conflict resolution : timestamp, vector clocks, 6) Optimistic UI : update immédiat, rollback si erreur, 7) Delta sync : seulement changements, 8) Indicators : badge offline/online.",analysis
updateMday_golden_0179,"CMS headless : 1) API-first : endpoints CRUD pour content types, 2) Modèles flexibles : JSON schema, custom fields, 3) Versioning : drafts, published, archived, 4) Media management : upload, transformations, CDN, 5) Roles : author, editor, publisher, 6) Preview : webhook pour regénérer static site, 7) Webhooks : notif sur publish, 8) Multi-langue : i18n fields, 9) GraphQL ou REST.",analysis
updateMday_golden_0180,"Logs analytics : 1) Collecte : structured logs JSON, 2) Agrégation : Elasticsearch, 3) Indexation : par timestamp, service, level, 4) Queries : Kibana DSL ou SQL, 5) Dashboards : erreurs/min, P95 latency, 6) Alertes : spike detection, error rate threshold, 7) Retention : 30j hot, 90j warm, archive cold, 8) Sampling : 100% errors, 10% info.",analysis
updateMday_golden_0181,"Updates temps réel : 1) Long polling : requête tient jusqu'à nouveau data, 2) Server-Sent Events (SSE) : unidirectionnel server→client, 3) WebSocket : bidirectionnel, 4) Stratégie : SSE pour notifications, WS pour chat, 5) Reconnection automatique avec backoff, 6) Heartbeat pour détecter connexions mortes, 7) Fallback polling si WS indisponible, 8) Optimistic updates côté client.",analysis
updateMday_golden_0182,"Permissions granulaires : 1) Modèle : user-role-permission + resource-specific, 2) Format permission : resource:action (post:edit, user:delete), 3) Ownership : check if user.id == resource.owner_id, 4) Hierarchical : admin hérite de editor hérite de viewer, 5) Dynamic : évalue au runtime based on context, 6) Cache : permissions par user dans Redis, 7) Audit : log tous les access checks, 8) UI : disable/hide selon permissions.",analysis
updateMday_golden_0183,"Multi-tenancy : 1) Stratégie : shared DB avec tenant_id (économique), separate DB par tenant (isolation), 2) Middleware : extrait tenant depuis subdomain ou header, 3) Query filter : WHERE tenant_id = current_tenant, 4) Row-level security : policies PostgreSQL, 5) Isolation données : pas de cross-tenant queries, 6) Billing séparé par tenant, 7) Customization : config par tenant, 8) Monitoring par tenant.",analysis
updateMday_golden_0184,"Collaborative filtering : 1) Matrix user-item : ratings sparse, 2) User-based : similarité entre users, recommande ce que similar users aiment, 3) Item-based : similarité entre items, recommande items similaires, 4) Métriques : cosine similarity, Pearson correlation, 5) Cold start : nouveaux users/items sans données, 6) Hybrid : combine avec content-based, 7) Implicit feedback : views, clicks pas ratings, 8) ALS : Alternating Least Squares pour factorization.",analysis
updateMday_golden_0185,"Images responsive : 1) srcset : <img srcset='small.jpg 400w, large.jpg 1200w'>, 2) sizes : indique largeur affichée selon viewport, 3) Génère multiples résolutions à l'upload, 4) Format moderne : WebP avec fallback JPEG, 5) Lazy loading : loading='lazy', 6) Art direction : <picture> avec media queries, 7) CDN avec transformations on-the-fly, 8) Placeholders : LQIP ou BlurHash.",analysis
updateMday_golden_0186,"Gestion de leads : 1) Capture : formulaires, landing pages, API, 2) Scoring : engagement, fit (industry, size), 3) Statuts : new, contacted, qualified, converted, lost, 4) Assignment : round-robin ou rule-based, 5) Nurturing : automated email sequences, 6) Tracking : activities, notes, timeline, 7) Conversion : crée customer record, 8) Analytics : funnel, conversion rate, time-to-convert, 9) Intégrations : CRM, email.",analysis
updateMday_golden_0187,"Notifications par catégorie : 1) Table categories : security, billing, social, updates, 2) User preferences : enable/disable par catégorie, 3) Channels : email, push, SMS, in-app, 4) Delivery rules : if category==security then all channels, 5) Batching : agrège notifications similaires, 6) Digest : résumé quotidien/hebdo, 7) Quiet hours : respecte timezone user, 8) Unsubscribe : par catégorie ou global.",analysis
updateMday_golden_0188,"Versions de documents : 1) Table document_versions (doc_id, version, content, author, timestamp), 2) Version : auto-increment ou semantic, 3) Storage : S3 avec versioning activé, 4) Diff : algoritme diff pour changements, 5) Restore : copie version antérieure comme latest, 6) Compare : côte-à-côte ou unified diff, 7) Branching : draft branches avant merge, 8) Lock : empêche éditions concurrentes.",pr
updateMday_golden_0189,"Validation errors : 1) Pydantic : retourne détails par champ, 2) Format : {field: 'email', message: 'Invalid format', value: '...'}, 3) I18n : messages traduits, 4) Frontend : affiche sous chaque input, 5) Codes erreur : catégorise (INVALID_FORMAT, REQUIRED, OUT_OF_RANGE), 6) Suggestions : 'Did you mean name@example.com?', 7) Bulk validation : retourne toutes les erreurs, pas seulement la première.",analysis
updateMday_golden_0190,"Trending recommendations : 1) Score : (views * 0.5 + shares * 2 + comments * 1) / age_hours, 2) Time decay : pénalise items anciens, 3) Window : dernières 24h ou 7j, 4) Boost : featured items, nouveautés, 5) Diversity : évite domination d'un type, 6) Personalization : blend trending + user preferences, 7) Refresh : recalcul toutes les heures, 8) Cache : Redis sorted set.",analysis
updateMday_golden_0191,"Campagnes marketing : 1) Modèle : Campaign (name, type, start/end dates, budget, status), 2) Segmentation : audiences basées sur critères, 3) Channels : email, SMS, push, ads, 4) Scheduling : send_at ou triggered events, 5) A/B testing : variantes subject, content, CTA, 6) Tracking : opens, clicks, conversions, ROI, 7) Automation : drip campaigns, workflows, 8) Reporting : dashboards, attribution.",analysis
updateMday_golden_0192,"Gestion stock temps réel : 1) Table inventory (product_id, quantity, reserved), 2) Available : quantity - reserved, 3) Transaction : BEGIN, UPDATE, check availability, COMMIT, 4) Lock pessimiste pour concurrency, 5) Reservation : réserve pendant checkout, 6) Timeouts : libère réservations expirées, 7) Alerts : low stock notification, 8) Sync : avec warehouse system, 9) Audit log : toutes modifications.",pr
updateMday_golden_0193,"Déploiement canary : 1) Déploie nouvelle version sur petit subset (5%), 2) Route trafic : load balancer avec weights, 3) Monitoring : erreurs, latency, business metrics, 4) Gradual rollout : 5% → 25% → 50% → 100%, 5) Rollback automatique si erreur rate > seuil, 6) Feature flags : enable progressivement features, 7) Duration : chaque phase 30-60min, 8) Communication : status page.",analysis
updateMday_golden_0194,"Gestion de contrats : 1) Modèle : Contract (parties, terms, start/end, value, status), 2) Workflow : draft → review → approval → signed → active, 3) E-signature : intégration DocuSign ou HelloSign, 4) Templates : clauses réutilisables, 5) Alerts : renouvellement 30j avant expiration, 6) Versions : track modifications, 7) Storage : encrypted PDF dans S3, 8) Search : full-text sur contenu, 9) Reports : par type, statut, valeur.",analysis
updateMday_golden_0195,"Tickets support : 1) Modèle : Ticket (subject, description, priority, status, assignee), 2) Statuts : new, open, pending, resolved, closed, 3) SLA : time-to-first-response, time-to-resolution, 4) Assignment : auto-assign par catégorie ou skill, 5) Escalation : si SLA breach, 6) Canned responses : templates rapides, 7) Knowledge base : articles liés, 8) Customer portal : view/create tickets, 9) Analytics : volume, CSAT, resolution time.",analysis
updateMday_golden_0196,"Workflows : 1) Définition : DAG (directed acyclic graph), 2) Nodes : tasks avec inputs/outputs, 3) Edges : transitions conditionnelles, 4) Execution engine : évalue et exécute séquentiellement, 5) State machine : track état actuel, 6) Parallel execution : fork/join, 7) Retry policies : par task, 8) Audit trail : log transitions, 9) Visual editor : drag-drop pour créer workflows.",analysis
updateMday_golden_0197,"Timeout et retry : 1) Timeout : httpx.Timeout(connect=5, read=10), 2) Retry : tenacity avec wait_exponential, 3) Backoff : 1s, 2s, 4s, 8s, 4) Max attempts : 3-5, 5) Retry sur : 5xx, timeouts, network errors, 6) PAS retry sur : 4xx client errors, 7) Idempotency : safe pour GET, PUT, DELETE, 8) Circuit breaker : stop après N failures, 9) Logging : track retry attempts.",analysis
updateMday_golden_0198,"Lead scoring : 1) Démographique : industry match (+10), company size (+15), 2) Comportemental : email open (+5), page views (+2), download (+10), 3) Engagement : frequency, recency, 4) Negative : unsubscribe (-20), spam report (-50), 5) Threshold : score > 70 = hot lead, 6) Decay : score réduit si inactif, 7) ML model : predict conversion probability, 8) Auto-assign hot leads immédiatement.",analysis
updateMday_golden_0199,"Gestion rendez-vous : 1) Modèle : Appointment (client, provider, start/end, service, status), 2) Disponibilités : recurring schedule + exceptions, 3) Booking : check availability, create + send confirmation, 4) Reminders : email/SMS 24h et 1h avant, 5) Cancellation : policy, deadlines, fees, 6) Rescheduling : find alternative slots, 7) Waitlist : notify si slot libéré, 8) Calendar sync : iCal export, Google Calendar.",analysis
updateMday_golden_0200,"Gestion de projets : 1) Modèle : Project (name, description, start/end, team, status), 2) Tasks : assignee, due_date, priority, dependencies, 3) Milestones : key deliverables, 4) Timeline : Gantt chart view, 5) Board : Kanban status columns, 6) Time tracking : log hours per task, 7) Collaboration : comments, attachments, mentions, 8) Reports : burndown, velocity, budget vs actual, 9) Templates : project types.",analysis
updateMday_golden_0201,"Dépendances asynchrones : 1) DAG : définit ordre d'exécution, 2) Celery chain : task1.s() | task2.s() | task3.s(), 3) Group : parallèle, 4) Chord : group puis callback, 5) Workflow engine : Airflow, Prefect, 6) State management : track completion, 7) Error handling : rollback ou skip rest, 8) Monitoring : visualize DAG execution.",analysis
